section,exchange,symbol,tradingview_symbol
MPTDS 26,NSE,HATSUN,NSE:HATSUN
MPTDS 26,NSE,LTM,NSE:LTM
MPTDS 26,NSE,MPHASIS,NSE:MPHASIS
MPTDS 26,NSE,FSL,NSE:FSL
MPTDS 26,NSE,GRSE,NSE:GRSE
MPTDS 26,NSE,BSOFT,NSE:BSOFT
MPTDS 26,NSE,CHAMBLFERT,NSE:CHAMBLFERT
MPTDS 26,NSE,INFY,NSE:INFY
MPTDS 26,NSE,SUNDRMFAST,NSE:SUNDRMFAST
MPTDS 26,NSE,IRCTC,NSE:IRCTC
MPTDS 26,NSE,TRITURBINE,NSE:TRITURBINE
MPTDS 26,NSE,VOLTAMP,NSE:VOLTAMP
MPTDS 26,NSE,TORNTPHARM,NSE:TORNTPHARM
MPTDS 26,NSE,PERSISTENT,NSE:PERSISTENT
MPTDS 26,NSE,COFORGE,NSE:COFORGE
MPTDS 26,NSE,SCHAEFFLER,NSE:SCHAEFFLER
MPTDS 26,NSE,TVSMOTOR,NSE:TVSMOTOR
MPTDS 26,NSE,CRISIL,NSE:CRISIL
MPTDS 26,NSE,GABRIEL,NSE:GABRIEL
MPTDS 26,NSE,BAJFINANCE,NSE:BAJFINANCE
MPTDS 26,NSE,POLYCAB,NSE:POLYCAB
MPTDS 26,NSE,AVANTIFEED,NSE:AVANTIFEED
MPTDS 26,NSE,ASHOKLEY,NSE:ASHOKLEY
MPTDS 26,NSE,COROMANDEL,NSE:COROMANDEL
MPTDS 26,NSE,AJANTPHARM,NSE:AJANTPHARM
MPTDS 26,NSE,ABBOTINDIA,NSE:ABBOTINDIA
MPTDS 26,NSE,IEX,NSE:IEX
MPTDS 26,NSE,POWERGRID,NSE:POWERGRID
MPTDS 26,NSE,APLAPOLLO,NSE:APLAPOLLO
MPTDS 26,NSE,APLLTD,NSE:APLLTD
MPTDS 26,NSE,ASTRAZEN,NSE:ASTRAZEN
MPTDS 26,NSE,BERGEPAINT,NSE:BERGEPAINT
MPTDS 26,NSE,ALKEM,NSE:ALKEM
MPTDS 26,NSE,HAVELLS,NSE:HAVELLS
MPTDS 26,NSE,THANGAMAYL,NSE:THANGAMAYL
MPTDS 26,NSE,GODREJAGRO,NSE:GODREJAGRO
MPTDS 26,NSE,CCL,NSE:CCL
MPTDS 26,NSE,ASIANPAINT,NSE:ASIANPAINT
MPTDS 26,NSE,PFC,NSE:PFC
MPTDS 26,NSE,EICHERMOT,NSE:EICHERMOT
MPTDS 26,NSE,BEL,NSE:BEL
MPTDS 26,NSE,ZYDUSLIFE,NSE:ZYDUSLIFE
MPTDS 26,NSE,MGL,NSE:MGL
MPTDS 26,NSE,ICICIGI,NSE:ICICIGI
MPTDS 26,NSE,NBCC,NSE:NBCC
MPTDS 26,NSE,GODFRYPHLP,NSE:GODFRYPHLP
MPTDS 26,NSE,HEXT,NSE:HEXT
MPTDS 26,NSE,TITAN,NSE:TITAN
MPTDS 26,NSE,LTTS,NSE:LTTS
MPTDS 26,NSE,HEROMOTOCO,NSE:HEROMOTOCO
MPTDS 26,NSE,CUMMINSIND,NSE:CUMMINSIND
MPTDS 26,NSE,RECLTD,NSE:RECLTD
MPTDS 26,NSE,UNITDSPR,NSE:UNITDSPR
MPTDS 26,NSE,BLUESTARCO,NSE:BLUESTARCO
MPTDS 26,NSE,GRINDWELL,NSE:GRINDWELL
MPTDS 26,NSE,PIDILITIND,NSE:PIDILITIND
MPTDS 26,NSE,BPCL,NSE:BPCL
MPTDS 26,NSE,NESTLEIND,NSE:NESTLEIND
MPTDS 26,NSE,ZENSARTECH,NSE:ZENSARTECH
MPTDS 26,NSE,ITC,NSE:ITC
MPTDS 26,NSE,TIMKEN,NSE:TIMKEN
MPTDS 26,NSE,APARINDS,NSE:APARINDS
MPTDS 26,NSE,AEGISLOG,NSE:AEGISLOG
MDSPORT 26,NSE,NAM-INDIA,NSE:NAM-INDIA
MDSPORT 26,NSE,BLACKBUCK,NSE:BLACKBUCK
MDSPORT 26,NSE,GALLANTT,NSE:GALLANTT
MDSPORT 26,NSE,HAPPYFORGE,NSE:HAPPYFORGE
MDSPORT 26,NSE,INGERRAND,NSE:INGERRAND
MDSPORT 26,NSE,PRUDENT,NSE:PRUDENT
MDSPORT 26,NSE,SANOFICONR,NSE:SANOFICONR
MDSPORT 26,NSE,TDPOWERSYS,NSE:TDPOWERSYS
MDSPORT 26,NSE,TEGA,NSE:TEGA
MDSPORT 26,NSE,VESUVIUS,NSE:VESUVIUS
MDSPORT 26,NSE,ZFCVINDIA,NSE:ZFCVINDIA
MDSPORT 26,NSE,ANTHEM,NSE:ANTHEM
MDSPORT 26,NSE,ELGIEQUIP,NSE:ELGIEQUIP
MDSPORT 26,NSE,SONACOMS,NSE:SONACOMS
MDSPORT 26,NSE,TCS,NSE:TCS
MDSPORT 26,NSE,OFSS,NSE:OFSS
MDSPORT 26,NSE,AIAENG,NSE:AIAENG
MDSPORT 26,NSE,HBLENGINE,NSE:HBLENGINE
MDSPORT 26,NSE,BSE,NSE:BSE
MDSPORT 26,NSE,MANYAVAR,NSE:MANYAVAR
MDSPORT 26,NSE,TATAELXSI,NSE:TATAELXSI
MDSPORT 26,NSE,CAMS,NSE:CAMS
MDSPORT 26,NSE,CUPID,NSE:CUPID
MDSPORT 26,NSE,TATATECH,NSE:TATATECH
MDSPORT 26,NSE,CONCORDBIO,NSE:CONCORDBIO
MDSPORT 26,NSE,EMAMILTD,NSE:EMAMILTD
MDSPORT 26,NSE,TRAVELFOOD,NSE:TRAVELFOOD
MDSPORT 26,NSE,MEDANTA,NSE:MEDANTA
MDSPORT 26,NSE,CDSL,NSE:CDSL
MDSPORT 26,NSE,DATAPATTNS,NSE:DATAPATTNS
MDSPORT 26,NSE,BLS,NSE:BLS
MDSPORT 26,NSE,NATCOPHARM,NSE:NATCOPHARM
MDSPORT 26,NSE,PFIZER,NSE:PFIZER
MDSPORT 26,NSE,VINATIORGA,NSE:VINATIORGA
MDSPORT 26,NSE,LALPATHLAB,NSE:LALPATHLAB
MDSPORT 26,NSE,ENRIN,NSE:ENRIN
MDSPORT 26,NSE,DIVISLAB,NSE:DIVISLAB
MDSPORT 26,NSE,SUNTV,NSE:SUNTV
MDSPORT 26,NSE,VIJAYA,NSE:VIJAYA
MDSPORT 26,NSE,ABB,NSE:ABB
MDSPORT 26,NSE,USHAMART,NSE:USHAMART
MDSPORT 26,NSE,GPIL,NSE:GPIL
MDSPORT 26,NSE,INDHOTEL,NSE:INDHOTEL
MDSPORT 26,NSE,NMDC,NSE:NMDC
MDSPORT 26,NSE,AIIL,NSE:AIIL
MDSPORT 26,NSE,AFFLE,NSE:AFFLE
MDSPORT 26,NSE,HCLTECH,NSE:HCLTECH
MDSPORT 26,NSE,POLYMED,NSE:POLYMED
MDSPORT 26,NSE,CMPDI,NSE:CMPDI
MDSPORT 26,NSE,PIIND,NSE:PIIND
MDSPORT 26,NSE,GESHIP,NSE:GESHIP
MDSPORT 26,NSE,KPRMILL,NSE:KPRMILL
MDSPORT 26,NSE,RATNAMANI,NSE:RATNAMANI
MDSPORT 26,NSE,INDGN,NSE:INDGN
MDSPORT 26,NSE,IGIL,NSE:IGIL
MDSPORT 26,NSE,SUMICHEM,NSE:SUMICHEM
MDSPORT 26,NSE,KFINTECH,NSE:KFINTECH
MDSPORT 26,NSE,CAPLIPOINT,NSE:CAPLIPOINT
MDSPORT 26,NSE,CIPLA,NSE:CIPLA
MDSPORT 26,NSE,ICICIAMC,NSE:ICICIAMC
MDSPORT 26,NSE,COALINDIA,NSE:COALINDIA
MDSPORT 26,NSE,FINEORG,NSE:FINEORG
MDSPORT 26,NSE,SHRIPISTON,NSE:SHRIPISTON
MDSPORT 26,NSE,SUNPHARMA,NSE:SUNPHARMA
MDSPORT 26,NSE,ANANDRATHI,NSE:ANANDRATHI
MDSPORT 26,NSE,ZENTEC,NSE:ZENTEC
MDSPORT 26,NSE,NATIONALUM,NSE:NATIONALUM
MDSPORT 26,NSE,ALIVUS,NSE:ALIVUS
MDSPORT 26,NSE,FINCABLES,NSE:FINCABLES
MDSPORT 26,NSE,NAVA,NSE:NAVA
MDSPORT 26,NSE,OBEROIRLTY,NSE:OBEROIRLTY
MDSPORT 26,NSE,ACUTAAS,NSE:ACUTAAS
MDSPORT 26,NSE,HSCL,NSE:HSCL
MDSPORT 26,NSE,INDIAMART,NSE:INDIAMART
MDSPORT 26,NSE,EIHOTEL,NSE:EIHOTEL
MDSPORT 26,NSE,ECLERX,NSE:ECLERX
MPTDS 24 / DR RAM,NSE,TTKPRESTIG,NSE:TTKPRESTIG
MPTDS 24 / DR RAM,NSE,TVSHLTD,NSE:TVSHLTD
MPTDS 24 / DR RAM,NSE,GRANULES,NSE:GRANULES
MPTDS 24 / DR RAM,NSE,KSB,NSE:KSB
MPTDS 24 / DR RAM,NSE,JINDALSAW,NSE:JINDALSAW
MPTDS 24 / DR RAM,NSE,JBMA,NSE:JBMA
MPTDS 24 / DR RAM,NSE,CYIENT,NSE:CYIENT
MPTDS 24 / DR RAM,NSE,SOLARINDS,NSE:SOLARINDS
MPTDS 24 / DR RAM,NSE,NCC,NSE:NCC
MPTDS 24 / DR RAM,NSE,JSWDULUX,NSE:JSWDULUX
MPTDS 24 / DR RAM,NSE,CANFINHOME,NSE:CANFINHOME
MPTDS 24 / DR RAM,NSE,MANKIND,NSE:MANKIND
MPTDS 24 / DR RAM,NSE,ELECON,NSE:ELECON
MPTDS 24 / DR RAM,NSE,HDFCAMC,NSE:HDFCAMC
MPTDS 24 / DR RAM,NSE,BATAINDIA,NSE:BATAINDIA
MPTDS 24 / DR RAM,NSE,NEWGEN,NSE:NEWGEN
MPTDS 24 / DR RAM,NSE,CHOLAFIN,NSE:CHOLAFIN
MPTDS 24 / DR RAM,NSE,MOTILALOFS,NSE:MOTILALOFS
MPTDS 24 / DR RAM,NSE,KPITTECH,NSE:KPITTECH
MPTDS 24 / DR RAM,NSE,PRAJIND,NSE:PRAJIND
MPTDS 24 / DR RAM,NSE,ELECTCAST,NSE:ELECTCAST
MPTDS 24 / DR RAM,NSE,UBL,NSE:UBL
MPTDS 24 / DR RAM,NSE,TECHM,NSE:TECHM
MPTDS 24 / DR RAM,NSE,LT,NSE:LT
MPTDS 24 / DR RAM,NSE,AUROPHARMA,NSE:AUROPHARMA
MPTDS 24 / DR RAM,NSE,ARE&M,NSE:ARE&M
MPTDS 24 / DR RAM,NSE,BAJAJFINSV,NSE:BAJAJFINSV
MPTDS 24 / DR RAM,NSE,TMPV,NSE:TMPV
MPTDS 24 / DR RAM,NSE,DCMSHRIRAM,NSE:DCMSHRIRAM
MPTDS 24 / DR RAM,NSE,DABUR,NSE:DABUR
MPTDS 24 / DR RAM,NSE,RVNL,NSE:RVNL
MPTDS 24 / DR RAM,NSE,SIEMENS,NSE:SIEMENS
MPTDS 24 / DR RAM,NSE,ASAHIINDIA,NSE:ASAHIINDIA
MPTDS 24 / DR RAM,NSE,ESCORTS,NSE:ESCORTS
MPTDS 24 / DR RAM,NSE,SANOFI,NSE:SANOFI
MPTDS 24 / DR RAM,NSE,360ONE,NSE:360ONE
MPTDS 24 / DR RAM,NSE,JKTYRE,NSE:JKTYRE
MPTDS 24 / DR RAM,NSE,MARUTI,NSE:MARUTI
MPTDS 24 / DR RAM,NSE,SHREECEM,NSE:SHREECEM
MPTDS 24 / DR RAM,NSE,SUNDARMFIN,NSE:SUNDARMFIN
MPTDS 24 / DR RAM,NSE,COCHINSHIP,NSE:COCHINSHIP
MPTDS 24 / DR RAM,NSE,DRREDDY,NSE:DRREDDY
MPTDS 24 / DR RAM,NSE,TORNTPOWER,NSE:TORNTPOWER
MPTDS 24 / DR RAM,NSE,FEDERALBNK,NSE:FEDERALBNK
MPTDS 24 / DR RAM,NSE,TATASTEEL,NSE:TATASTEEL
MPTDS 24 / DR RAM,NSE,RAYMOND,NSE:RAYMOND
MPTDS 24 / DR RAM,NSE,APOLLOHOSP,NSE:APOLLOHOSP
MPTDS 24 / DR RAM,NSE,KIRLOSBROS,NSE:KIRLOSBROS
MPTDS 24 / DR RAM,NSE,MAZDOCK,NSE:MAZDOCK
MPTDS 24 / DR RAM,NSE,SBICARD,NSE:SBICARD
MPTDS 24 / DR RAM,NSE,SHRIRAMFIN,NSE:SHRIRAMFIN
MPTDS 24 / DR RAM,NSE,BAYERCROP,NSE:BAYERCROP
MPTDS 24 / DR RAM,NSE,KIRLOSENG,NSE:KIRLOSENG
MPTDS 24 / DR RAM,NSE,CLEAN,NSE:CLEAN
MPTDS 24 / DR RAM,NSE,CESC,NSE:CESC
MPTDS 24 / DR RAM,NSE,SUPREMEIND,NSE:SUPREMEIND
MPTDS 24 / DR RAM,NSE,DIXON,NSE:DIXON
MPTDS 24 / DR RAM,NSE,ULTRACEMCO,NSE:ULTRACEMCO
MPTDS 24 / DR RAM,NSE,EIDPARRY,NSE:EIDPARRY
MPTDS 24 / DR RAM,NSE,RKFORGE,NSE:RKFORGE
MPTDS 24 / DR RAM,NSE,KEI,NSE:KEI
MPTDS 24 / DR RAM,NSE,LINDEINDIA,NSE:LINDEINDIA
MPTDS 24 / DR RAM,NSE,KAJARIACER,NSE:KAJARIACER
MPTDS 24 / DR RAM,NSE,VBL,NSE:VBL
MPTDS 24 / DR RAM,NSE,ASTRAL,NSE:ASTRAL
MPTDS 24 / DR RAM,NSE,TRIDENT,NSE:TRIDENT
MPTDS 24 / DR RAM,NSE,BHARTIARTL,NSE:BHARTIARTL
MPTDS 24 / DR RAM,NSE,MANAPPURAM,NSE:MANAPPURAM
MPTDS 24 / DR RAM,NSE,ONGC,NSE:ONGC
MPTDS 24 / DR RAM,NSE,RELIANCE,NSE:RELIANCE
MPTDS 24 / DR RAM,NSE,BHARATFORG,NSE:BHARATFORG
MPTDS 24 / DR RAM,NSE,HUDCO,NSE:HUDCO
MPTDS 24 / DR RAM,NSE,GRASIM,NSE:GRASIM
MPTDS 24 / DR RAM,NSE,ENDURANCE,NSE:ENDURANCE
MPTDS 24 / DR RAM,NSE,BASF,NSE:BASF
MPTDS 24 / DR RAM,NSE,HAPPSTMNDS,NSE:HAPPSTMNDS
MPTDS 24 / DR RAM,NSE,CGCL,NSE:CGCL
MPTDS 24 / DR RAM,NSE,ICICIBANK,NSE:ICICIBANK
MPTDS 24 / DR RAM,NSE,GPPL,NSE:GPPL
MPTDS 24 / DR RAM,NSE,HDFCBANK,NSE:HDFCBANK
MPTDS 24 / DR RAM,NSE,JKCEMENT,NSE:JKCEMENT
MPTDS 24 / DR RAM,NSE,SRF,NSE:SRF
MPTDS 24 / DR RAM,NSE,BRITANNIA,NSE:BRITANNIA
MPTDS 24 / DR RAM,NSE,CONCOR,NSE:CONCOR
MPTDS 24 / DR RAM,NSE,DMART,NSE:DMART
MPTDS 24 / DR RAM,NSE,HINDUNILVR,NSE:HINDUNILVR
MPTDS 24 / DR RAM,NSE,KOTAKBANK,NSE:KOTAKBANK
MPTDS 24 / DR RAM,NSE,CERA,NSE:CERA
MPTDS 24 / DR RAM,NSE,M&M,NSE:M&M
MPTDS 24 / DR RAM,NSE,APOLLOTYRE,NSE:APOLLOTYRE
MPTDS 24 / DR RAM,NSE,TATACONSUM,NSE:TATACONSUM
MPTDS 24 / DR RAM,NSE,TRENT,NSE:TRENT
MPTDS 24 / DR RAM,NSE,EXIDEIND,NSE:EXIDEIND
MPTDS 24 / DR RAM,NSE,ACE,NSE:ACE
MPTDS 24 / DR RAM,NSE,TIINDIA,NSE:TIINDIA
MPTDS 24 / DR RAM,NSE,DEEPAKNTR,NSE:DEEPAKNTR
MPTDS 24 / DR RAM,NSE,CARBORUNIV,NSE:CARBORUNIV
MPTDS 24 / DR RAM,NSE,TECHNOE,NSE:TECHNOE
MPTDS 24 / DR RAM,NSE,COLPAL,NSE:COLPAL
MPTDS 24 / DR RAM,NSE,UNOMINDA,NSE:UNOMINDA
MPTDS 24 / DR RAM,NSE,BRIGADE,NSE:BRIGADE
MPTDS 24 / DR RAM,NSE,MARICO,NSE:MARICO
MPTDS 24 / DR RAM,NSE,SBIN,NSE:SBIN
MPTDS 24 / DR RAM,NSE,RADICO,NSE:RADICO
MPTDS 24 / DR RAM,NSE,REDINGTON,NSE:REDINGTON
MPTDS 24 / DR RAM,NSE,SKFINDIA,NSE:SKFINDIA
MPTDS 24 / DR RAM,NSE,ALKYLAMINE,NSE:ALKYLAMINE
MPTDS 24 / DR RAM,NSE,HDFCLIFE,NSE:HDFCLIFE
MPTDS 24 / DR RAM,NSE,GODREJIND,NSE:GODREJIND
MPTDS 24 / DR RAM,NSE,KARURVYSYA,NSE:KARURVYSYA
TV CYCLICALS,NSE,ABCAPITAL,NSE:ABCAPITAL
TV CYCLICALS,NSE,CEMPRO,NSE:CEMPRO
TV CYCLICALS,NSE,HINDCOPPER,NSE:HINDCOPPER
TV CYCLICALS,NSE,UTIAMC,NSE:UTIAMC
TV CYCLICALS,NSE,TIMETECHNO,NSE:TIMETECHNO
TV CYCLICALS,NSE,ANGELONE,NSE:ANGELONE
TV CYCLICALS,NSE,GRAVITA,NSE:GRAVITA
TV CYCLICALS,NSE,PAGEIND,NSE:PAGEIND
TV CYCLICALS,NSE,IRCON,NSE:IRCON
TV CYCLICALS,NSE,TATAPOWER,NSE:TATAPOWER
TV CYCLICALS,NSE,THERMAX,NSE:THERMAX
TV CYCLICALS,NSE,NAUKRI,NSE:NAUKRI
TV CYCLICALS,NSE,ANANTRAJ,NSE:ANANTRAJ
TV CYCLICALS,NSE,TARIL,NSE:TARIL
TV CYCLICALS,NSE,ADANIENT,NSE:ADANIENT
TV CYCLICALS,NSE,HAL,NSE:HAL
TV CYCLICALS,NSE,HOMEFIRST,NSE:HOMEFIRST
TV CYCLICALS,NSE,CHOLAHLDNG,NSE:CHOLAHLDNG
TV CYCLICALS,NSE,LICHSGFIN,NSE:LICHSGFIN
TV CYCLICALS,NSE,WELCORP,NSE:WELCORP
TV CYCLICALS,NSE,AUBANK,NSE:AUBANK
TV CYCLICALS,NSE,JKLAKSHMI,NSE:JKLAKSHMI
TV CYCLICALS,NSE,ADANIPORTS,NSE:ADANIPORTS
TV CYCLICALS,NSE,CUB,NSE:CUB
TV CYCLICALS,NSE,PCBL,NSE:PCBL
TV CYCLICALS,NSE,HINDZINC,NSE:HINDZINC
TV CYCLICALS,NSE,HINDALCO,NSE:HINDALCO
TV CYCLICALS,NSE,VGUARD,NSE:VGUARD
TV CYCLICALS,NSE,MUTHOOTFIN,NSE:MUTHOOTFIN
TV CYCLICALS,NSE,SBILIFE,NSE:SBILIFE
TV DEFENSIVES,BSE,GSPL,BSE:GSPL
TV DEFENSIVES,NSE,NEULANDLAB,NSE:NEULANDLAB
TV DEFENSIVES,NSE,NAM_INDIA,NSE:NAM_INDIA
TV DEFENSIVES,NSE,NH,NSE:NH
TV DEFENSIVES,NSE,LTFOODS,NSE:LTFOODS
TV DEFENSIVES,NSE,ERIS,NSE:ERIS
TV DEFENSIVES,NSE,CASTROLIND,NSE:CASTROLIND
TV DEFENSIVES,NSE,IPCALAB,NSE:IPCALAB
TV DEFENSIVES,NSE,BAJAJ_AUTO,NSE:BAJAJ_AUTO
